car_make,car_model,car_model_year,car_vin
Audi,100,1991,WBADT43401G031947
Suzuki,Reno,2008,JH4NA21614T659225
Chevrolet,S10 Blazer,1992,1D4PT2GK0BW560757
Volkswagen,New Beetle,2012,1GYS3CEF2ER110236
Mitsubishi,Excel,1987,4F2CY0C77BK052988
GMC,Suburban 1500,1994,1GKS1FEJ0CR014690
Mitsubishi,Galant,1996,19UUA9F71EA072982
Subaru,Legacy,1995,KMHHT6KD1CU092113
Ford,Escort,2004,1G6DB1ED2B0311853
Hyundai,Santa Fe,2010,WBABS33483P740827
Ford,Mustang,1987,JHMFA3F26AS824462
Mercedes-Benz,W201,1985,WBANW5C59AC894232
Pontiac,Grand Am,1992,1FMJK1H5XDE873759
Hyundai,Azera,2006,5FNRL5H2XDB040482
Mitsubishi,Raider,2007,WDCGG5GB3BF765454
Chevrolet,Silverado 3500,2007,WAUDF98E66A250041
Volvo,V40,2000,2T1BURHE1FC455925
Daewoo,Lanos,2000,WBSVA935X8E058641
Maserati,Quattroporte,1984,YV126MFJXF1533419
Lamborghini,Murci√©lago,2005,ZFBCFABH3EZ165132
GMC,Yukon Denali,2006,5UXFA13524L129462
Lincoln,Town Car,1991,JTHBK1GG0D1237582
Subaru,Legacy,2006,3G5DB03E43S217638
Ford,Taurus,2011,JN1BJ0HP9EM942834
Chevrolet,Lumina,1994,2C3CA5CV5AH492539
Ford,Explorer,1992,WBAGL83514D744147
Pontiac,Grand Prix,1977,1LNHL9FTXFG642382
Chevrolet,Suburban 2500,1995,WBASN4C56BC389315
Chevrolet,Monte Carlo,2000,WAUDFAFC1EN778371
Dodge,Grand Caravan,1996,1YVHZ8BH5C5624422
Honda,Civic,1985,JN8AE2KP6F9876866
Mazda,Millenia,1996,WDDGF4HB4DA263625
Volkswagen,Golf III,1994,3D73Y3CL1AG557497
Pontiac,Firebird,1998,YV4952CF7D1221595
GMC,Safari,1993,WAUDG58E45A673396
Buick,Riviera,1993,1G6AS5S37F0627910
Ford,Focus,2006,4JGDF2EE9DA421095
Oldsmobile,Cutlass Supreme,1994,WBSKG9C52DJ317528
Chevrolet,Lumina APV,1993,WBALL5C5XFP627584
Mitsubishi,Cordia,1988,5J6TF2H50DL948811
Ford,Tempo,1985,WAUCFAFR9BA705445
Chevrolet,Suburban,2006,3VW467AT3DM937393
Honda,Civic,1991,JN1AJ0HP1CM350174
Mercury,Cougar,1986,5GAKRBED7BJ460177
Lexus,ES,2001,3D73M3CL5BG945118
Ford,Fairlane,1966,SCBLE47K19C905746
Dodge,Ram 2500,2009,WBAEB53579C177657
Chevrolet,TrailBlazer,2002,WA1BV74L78D567943
Austin,Mini,1963,JN1CV6EK3CM493135
BMW,8 Series,1992,5N1AT2ML8FC767173
Dodge,Stealth,1996,1G6DH8EG9A0565513
Porsche,924 S,1987,4T1BF1FK7CU414357
Toyota,Solara,2004,3D7TT2HT6BG233934
Mercedes-Benz,C-Class,1998,1N6AF0KY4FN299541
Ford,Transit Connect,2010,WA1VMBFE7ED059145
Dodge,Stratus,2003,WDDGF5EB1AA849365
Rolls-Royce,Phantom,2006,KMHTC6AD2FU471184
Suzuki,SJ,1988,WDDHF2EB1CA600313
Buick,Park Avenue,2003,WAUHF78P38A326812
Nissan,200SX,1997,1FTSW3B57AE098303
Infiniti,QX,2001,5UXZV8C5XD0702992
Toyota,Venza,2012,WA1AY94L08D085443
BMW,7 Series,2003,1D7RE5GK5BS033473
Pontiac,Montana SV6,2005,JN1CV6EKXBM270217
Mazda,MPV,1994,SCBBR93WX7C479123
Toyota,MR2,2000,WBASN0C56DD503075
Chrysler,Town & Country,1997,1G6DH5E52D0249579
Lexus,LS,2007,1G6YX36D075693694
Toyota,Sienna,2000,WBADX7C58DE050356
Mitsubishi,Galant,1991,WAUSFAFL8BA792097
Chevrolet,Corvette,1969,1N6AA0CH5FN335895
BMW,M3,2006,1G6AJ5S3XD0495077
BMW,M5,1992,SCFHDDAT4EG201469
Oldsmobile,Silhouette,2002,1GYS4FEJ7DR417578
Chevrolet,Express 3500,2011,1N6AF0LX3FN988962
Pontiac,GTO,1973,5FPYK1F29AB730074
BMW,5 Series,2012,SCFEFBBC1AG750217
Audi,90,1988,WDDEJ7EB2EA696910
Audi,4000s,1985,WBADT53412C467124
Oldsmobile,88,1998,1G4HD57237U590513
Jeep,Wrangler,2002,WP0AA2A81BU689365
GMC,Savana 1500,2003,1FTSW2B56AE920549
Dodge,Intrepid,1996,WAUWFAFH1CN930229
Toyota,TundraMax,2007,JM1NC2PF0E0095699
Chrysler,Concorde,2001,19UUA76648A360334
Chevrolet,Monte Carlo,1997,WA1DKBFPXBA852035
Mazda,626,1998,5J6TF2H58EL186149
GMC,Vandura 2500,1993,WAUXL68E45A249604
Nissan,JUKE,2011,19UYA41633A445990
Cadillac,XLR,2009,3N1AB6AP6CL448329
Infiniti,G25,2011,WBASP2C50BC892532
Ford,Tempo,1987,2HNYB1H4XCH277419
Maserati,GranSport,2005,JH4KC1F9XFC165152
Mitsubishi,Eclipse,1993,JTHKD5BH9B2065433
Ford,Crown Victoria,2007,YV4902DZ2D2884719
Maserati,Biturbo,1984,5UXFA13575L725698
GMC,Yukon,2004,1C3CCBAB1DN851110
Dodge,Ram,2008,WAUAF78E55A555228
Ford,Ranger,1990,WAUBF98E48A393225
Jaguar,XK Series,2003,4T1BF3EK1AU821486
Honda,Odyssey,2007,WBAVD53587A133122
Dodge,Viper RT/10,1993,2G4GN5EC5B9887101
Mazda,Miata MX-5,2007,1GYUCBEF0AR906030
Mazda,MX-5,1999,WBANN73577C078370
Mercedes-Benz,S-Class,1990,19XFA1E33AE461041
Dodge,Dakota,1992,WAUGL78E07A425590
Aston Martin,V8 Vantage S,2011,19UUA75587A274922
Ford,F450,2011,1FTMF1EW7AK641006
Ford,LTD,1984,3VWKZ7AJ7BM681480
Ford,Taurus,2008,4USBU53577L495513
Ford,E-Series,2011,5GAKRBED8CJ480021
Ford,Fusion,2009,WAULC58E22A511060
Toyota,Camry Hybrid,2012,1G6YV36A095815114
Chevrolet,Cavalier,1994,2V4RW3DG2BR613069
GMC,Yukon XL 2500,2003,2C3CCAEG7EH968765
Chevrolet,Silverado 2500,2009,3D73Y3HL8BG765063
Dodge,Dakota,1995,1FMJU1H54AE188999
BMW,6 Series,2007,WBAET374X4N593525
Jaguar,XJ Series,2004,3VW4T7AT3EM235892
Pontiac,Firefly,1985,WAUFMAFC3FN597904
Mitsubishi,Outlander,2003,KMHHT6KD9DU428852
Infiniti,G,1996,WBAEN33412P020871
Maserati,GranTurismo,2009,JTDKDTB39C1539012
Honda,CR-V,2010,1D7RE3GK7BS260345
GMC,Sierra 2500,2006,1GD01ZCG3CF167413
Plymouth,Grand Voyager,1992,SCFAB01A36G737670
BMW,X6 M,2010,SCFKDCEP8EG221348
Daewoo,Nubira,1999,3VW517AT4FM030819
Volkswagen,Routan,2009,1GD312CG2EF952769
Toyota,Yaris,2006,WAULT68E74A339374
Dodge,Caravan,1985,4A31K2DF5BE732409
Isuzu,Oasis,1999,WAUUL68E15A688214
Mazda,MPV,2002,WBANV13549B893504
Porsche,928,1990,WBABS53413J035673
Oldsmobile,Aurora,1997,SALME1D49BA558408
Chevrolet,Impala,2003,WBA3B1C59FP946440
Ford,Laser,1987,1GKS1EEF6DR255726
Chrysler,300,2008,JTJBC1BA5E2024203
Chevrolet,Beretta,1994,19UUA8F24EA683782
Chevrolet,Camaro,1975,5UXFG4C57AL475017
Audi,S4,2011,JTDKDTB31F1874897
Mitsubishi,Precis,1986,WAUVC58E35A957151
Volvo,XC90,2004,3N1AB6AP7CL769716
Suzuki,Grand Vitara,2012,4T1BF1FK6CU188988
Mitsubishi,Eclipse,2001,1G6EL12Y51B621569
Mercedes-Benz,300CE,1993,SCFHDDAJ5CA355154
Ford,Falcon,1966,WBA3N3C57EK647138
Chevrolet,Corvette,1953,WBADT43441G441909
GMC,Savana 2500,2011,2B3CK2CV5AH896112
Land Rover,Range Rover,1994,2C4RDGEG9DR540078
Mitsubishi,Galant,1993,1D7RV1CT9AS797767
Chevrolet,Suburban,2009,KL4CJCSB6EB833768
Toyota,Avalon,1996,WAUCFAFH4CN195779
Saturn,S-Series,1999,JN1CY0AP9AM533625
Lexus,ES,2004,WBA3T7C50FP862054
Kia,Sedona,2008,1FTEW1CF5FF597465
Pontiac,Firebird,1967,1FMJU1F5XAE755803
Saab,9-3,2009,5J8TB1H20CA427827
Land Rover,Range Rover Sport,2012,5GADV23LX6D485822
Eagle,Talon,1997,WAUMGBFL2DA680569
Acura,SLX,1999,WBAEU33435P988204
Infiniti,JX,2013,WUARU78E57N530209
Mercedes-Benz,W201,1991,1GD21ZCGXCZ251154
Honda,Pilot,2003,WBAWC3C5XAP561905
Aston Martin,Rapide,2011,WAULT68E85A596724
Subaru,SVX,1992,1FTFW1E86AK377903
Hyundai,Accent,2011,4T1BK1EB1FU860313
Aptera,2e,2009,1FMJK1F57CE762264
Dodge,Ram 3500,2007,WA1DGAFP6DA778448
Mitsubishi,Mirage,1996,WBA3C1C56CF648300
Infiniti,M,2009,JHMZE2H58DS957862
Nissan,Sentra,1998,1C4PJLAB5FW353269
GMC,Yukon,2007,KNAFU6A26C5766093
Audi,Cabriolet,1994,2C4RDGEG0ER292868
Dodge,Ram 2500,1996,2G4WF551431825129
BMW,6 Series,2004,5UXWX5C57CL788884
Mercedes-Benz,R-Class,2007,KNDKG3A22A7195002
Mercury,Cougar,2002,SAJWA0HP2EM952878
Porsche,968,1995,JN8AZ2KR0BT309720
Chrysler,Town & Country,1996,JN8AS5MTXCW641534
Ford,Aerostar,1995,5FNYF3H41FB466122
Mazda,Protege,2003,5N1CR2MN4EC165037
Volkswagen,Passat,1998,1G4CU541754397381
Pontiac,Grand Prix,2008,3D73M4HLXAG425459
Lincoln,Aviator,2005,WAUEV94F27N091499
Buick,Park Avenue,1995,3VW507ATXFM274008
GMC,Yukon,2012,WBAWV5C53AP331466
Subaru,Forester,2001,1G6AC5SX3D0883569
Jaguar,XK,2010,1N6AA0EJ7FN290541
Chevrolet,Uplander,2005,1GYS4GEF3CR133106
Saab,9-3,2011,5BZBF0AA4EN028585
Suzuki,Daewoo Lacetti,2006,SALGR2WF3EA732029
Chevrolet,Malibu,2013,WDDNG9FB4DA834972
Nissan,Sentra,2006,WAUBF78E68A910805
Cadillac,STS,2008,WBAKB0C51AC319026
Dodge,Ram 1500 Club,1995,2C4RDGCG0FR433328
Chrysler,New Yorker,1995,WBAVD13516K319005
GMC,Yukon,1995,SCFHDDAT3EG009914
Kia,Sephia,1995,WAUDF98E65A306106
Nissan,Sentra,2006,1GYEC63T12R602503
Infiniti,G,2002,WAUDFAFL8FN334566
Chevrolet,Corvette,2001,YV4902DZ4C2119168
Volkswagen,Golf III,1993,3D7TT2CT7BG188686
Volvo,850,1994,SCBZB25E92C943462
Lexus,LS,1993,JA4AD3A34FZ537472
Buick,Riviera,1997,JTHBP5C27C5282271
Pontiac,Gemini,1989,JHMGE8G37CC040432
Honda,Pilot,2003,WDDPK4HA4EF285406
Ford,Escort,1995,19XFB4F27DE599500
Porsche,Cayenne,2013,WBSWL93569P607613
Chevrolet,Sportvan G20,1992,WBANV13518C451238
Cadillac,SRX,2012,WP1AA2A22BL164277
Kia,Sedona,2006,JA32U2FU0DU074339
GMC,Vandura 3500,1992,WAUDG74F69N984322
Infiniti,J,1996,SCBCR63W65C120397
Suzuki,XL7,2008,WA1CMAFE2CD025869
Dodge,Caravan,1997,5XYKT3A64EG640136
Mercedes-Benz,E-Class,2004,2FMGK5DC1AB566915
GMC,3500 Club Coupe,1994,1FTMF1CW9AF502894
BMW,M5,2008,KMHHT6KJXFU959874
Saturn,S-Series,2002,WAULT58E24A244831
Mazda,Millenia,1997,WAULC68E62A068353
Toyota,TundraMax,2012,JHMZE2H30CS816068
Ford,Econoline E250,1995,5N1CR2MM1EC567900
Audi,A7,2012,3GYFK66N64G984051
Isuzu,VehiCROSS,1999,SCBBR9ZA2DC494853
Audi,A6,2009,WAUCFAFH3AN297040
Pontiac,Bonneville,1995,1G4HR54K014357881
Lexus,ES,1991,WAUDH94F38N682008
Jaguar,X-Type,2007,WAUEH94F88N558837
Audi,A4,2003,1GYFC43539R933071
Volkswagen,Cabriolet,1998,5J8TB4H77GL875859
BMW,3 Series,2000,1HGCR2F3XDA665022
Subaru,Legacy,1992,3GYFNGEY1AS755438
Chevrolet,Impala,2006,WBA3C1C58DF791962
Toyota,Paseo,1996,WAUAF98E97A109047
Chevrolet,Avalanche,2010,VNKKTUD3XFA241750
Infiniti,G,2005,WBA3A9C56CF949024
Land Rover,Discovery Series II,2001,1N4AB7AP3DN890737
Lexus,GX,2010,3D73M4EL2AG506881
Porsche,Boxster,2009,W04GR5EC4B1407458
Ford,Mustang,2000,WBA3K5C58EF976749
Buick,LaCrosse,2006,2C3CDXBG5FH836609
Toyota,Camry,2004,SCBLE37G36C053501
Land Rover,Discovery,2010,SCBZU25E71C659353
Bentley,Arnage,2009,3C3CFFAR7DT439611
Mitsubishi,Starion,1984,1FTEX1E80AF167699
Honda,Civic,2002,SCFEFBBC4AG570617
Plymouth,Colt,1993,19XFA1E34AE633125
Subaru,Forester,2009,WP1AA2A2XCL603405
Mazda,929,1995,JN8AZ1MU6AW546382
Ferrari,612 Scaglietti,2007,2G4GL5EX8E9270109
Toyota,Celica,1996,WA1LMAFE8BD942006
Plymouth,Laser,1992,1G6AR5SXXE0288945
Mazda,Mazda6,2012,3VWML7AJ5CM326206
Pontiac,Grand Am,1992,19UUA9E55CA358184
Audi,TT,2005,5BZBF0AA8FN725582
Mazda,Mazda3,2012,WBA3V7C52F5831023
Honda,Element,2008,WAUKF78E27A091855
Chevrolet,Silverado,2011,2C4RDGEG0CR102905
Mercury,Marauder,2003,1G6AK5SX5E0453272
Audi,Coupe Quattro,1991,1FT7W2A61EE244386
Chrysler,Aspen,2008,1G6AL5SX8D0505876
Mercedes-Benz,CLS-Class,2012,3G5DA03L56S968155
Jeep,Patriot,2008,WDDEJ7EB0DA945364
Buick,Skylark,1987,1FTWX3D57AE600318
BMW,X5,2003,5UXWX7C59E0771147
Mitsubishi,Outlander Sport,2012,2T2BK1BA5CC567115
Volkswagen,New Beetle,2008,SCBDR3ZA4AC489025
BMW,Z4,2010,WBAPK5C54AA995999
Mercedes-Benz,M-Class,2010,WAUDGBFL2AA458268
Nissan,Xterra,2001,SALVP2BG9EH370792
Toyota,4Runner,1997,JN1CV6EK7EM604241
Chrysler,Sebring,2010,3VWPG3AG0AM962477
Eagle,Premier,1992,1C3BC2EB8BN569081
Suzuki,Grand Vitara,2012,WDDNG7BB6BA678053
Isuzu,Rodeo,1995,1N6AA0CJ6EN934306
Chevrolet,Camaro,1967,JN1BV7AP5FM177629
Lexus,GX,2005,WAUMGAFL5AA514536
Ford,Fairlane,1966,WBA3T3C52F5811885
Suzuki,Grand Vitara,2002,1HGCR6F39FA757488
Lexus,IS,2011,3N1CE2CP6EL199247
Saab,900,1988,WAUWFAFH1AN808662
Land Rover,LR3,2005,WAUDF48H87A501642
Geo,Metro,1993,1GYUKGEF2AR637240
Mitsubishi,Outlander Sport,2012,WBA3T1C54FP805790
BMW,X5 M,2012,WAUCFAFR1EA741814
Ford,Bronco,1990,WBSKG9C57DJ717729
Volkswagen,Fox,1992,JH4CU2F85CC269543
Infiniti,G35,2004,WA1WMAFE0ED681021
Bugatti,Veyron,2009,1FMJU1J51AE513053
Chevrolet,Monte Carlo,2003,SCBLC31E61C466406
Porsche,911,2002,JH4KC1F70EC997936
Lincoln,Navigator,2011,5J6TF1H31EL964753
Alfa Romeo,164,1992,WAUKH74F46N008362
Mercedes-Benz,CL-Class,2012,3VW1K7AJ5CM408247
Ford,Transit Connect,2010,1N6AA0EJ7FN096009
Cadillac,STS,2010,WBADX7C51CE694943
Chevrolet,Express,2010,5N1AZ2MH6FN285610
Chevrolet,Venture,2004,SCBCR63W64C600616
Honda,Civic,2005,5N1AA0NC1EN134509
Mercedes-Benz,E-Class,2003,1FTSX2A53AE000294
Ford,E-Series,2002,WA1C8BFPXDA534252
Subaru,Impreza,2008,1G6DT57V680774520
Volkswagen,Passat,1993,1LNHL9EK5FG946034
Ram,2500,2011,19XFA1E33BE983265
Toyota,Avalon,1997,WAUDGBFL3AA596014
Buick,Coachbuilder,1992,1YVHZ8BH9B5536150
Lexus,LS,1996,WA1AY94L68D159951
Ram,3500,2012,WAUGL78EX7A867308
Chevrolet,Monte Carlo,1998,WAUVT68E44A499057
Mazda,MX-5,2007,1G4GF5G32FF772043
Volvo,S80,2012,SCFEBBBC8AG005458
Jeep,Compass,2012,WAUKGAFB6AN428210
Lincoln,MKX,2013,1FMEU7DE9AU684008
BMW,M,2001,JN8AS5MT6CW761086
Dodge,Viper,1996,3N1AB6AP1BL644161
Honda,Element,2003,1G6KF57971U652796
Ford,Focus,2013,WBABN53441J337544
Volkswagen,Jetta,2003,1C3BC8EG2BN376522
Suzuki,Daewoo Lacetti,2005,1FTMF1EW9AK509185
Chevrolet,Astro,1997,WAUWG74F69N494388
Subaru,XT,1988,JHMZF1D67ES291245
Mitsubishi,Eclipse,1991,JA32U1FU8BU983131
Subaru,Forester,2003,JTHBB1BA5A2537031
Lexus,GS,2007,2C4RRGAG1ER302945
Nissan,Sentra,1993,WA1YD54B82N699457
Mazda,Tribute,2002,1GYUCCEF3AR413724
Chevrolet,Express 1500,2002,WAUWG74F29N411409
Ford,F-Series,1997,4USCN53432L123863
Mercury,Cougar,1989,4T3BA3BB5DU505846
Dodge,Dakota,2002,WVWBB7AJ3DW791629
Mercury,Grand Marquis,1987,3D7JB1EK5AG381166
Chevrolet,Beretta,1993,1C6RD6HT7CS423980
Oldsmobile,Achieva,1998,1N6AA0EJ6FN920467
Nissan,Rogue,2008,2C3CCARG4FH969500
Mitsubishi,Raider,2006,1G4HJ5EM2AU521445
Rolls-Royce,Phantom,2013,WAUFFAFL6EA362249
BMW,Z4,2009,TRUSC28N021488591
Nissan,Rogue,2008,1G4CU541744107316
Chevrolet,Classic,2004,5TDBY5G19ES265226
Chevrolet,Corvette,1987,1FTWF3A54AE736008
Ford,Freestyle,2007,3MZBM1U74EM693862
Mercedes-Benz,G-Class,2012,KNADH4A30A6898301
Volvo,S80,2008,3GYEK63NX3G324254
Chevrolet,Aveo,2007,SCFBB04B38G046053
Ford,Taurus,2008,2G4WS55J451766534
Toyota,Land Cruiser,2002,WA1BY94L58D127500
Chevrolet,Avalanche 2500,2003,1N6AD0CU0DN139090
Honda,CR-V,2004,1FMNE1BW9AD983441
Mitsubishi,Tredia,1987,WBA5B1C5XFD303959
Toyota,Camry,2008,SCBZK22E32C272715
Lincoln,Town Car,1994,JA32X8HW2EU818520
Mercury,Sable,1995,KMHGC4DE2BU461338
Pontiac,Grand Am,1997,19XFA1E86AE339477
Mercury,Sable,1999,WBSCL93411L101502
Chevrolet,Camaro,1996,5N1CR2MN9EC876720
Volvo,V70,1999,WBA6B8C5XED115602
Subaru,Justy,1991,NM0KS9BN5DT516758
Chevrolet,Avalanche 1500,2006,1C3CCBHG1CN609983
Subaru,Brat,1984,1ZVBP8JS1A5477668
Buick,Rainier,2007,JN1CV6EK2CM009505
Dodge,Dakota Club,1998,1FTMF1EW5AF990979
GMC,Sierra 3500HD,2006,SCBFU7ZAXFC834211
Toyota,Venza,2012,1G6KF57943U840632
Toyota,Previa,1995,JN8AE2KP6C9244056
Kia,Sportage,1996,JM3KE2BE8E0006285
Hyundai,Accent,2009,WAUDG98EX5A591437
Mercedes-Benz,SLS AMG,2012,1G6DM8E33D0483709
Ford,F350,2001,2T3BF4DV2BW248494
Kia,Spectra,2000,WAUDF98E65A134367
Ford,Club Wagon,1994,WBAXA5C57FD190166
Pontiac,G6,2010,WAUEFAFL6EN565579
GMC,Sonoma,1999,WAUKH98E46A225415
Buick,Skylark,1996,1FAHP2DW1CG962771
Toyota,RAV4,1998,JN8AF5MR2ET746999
Dodge,D150 Club,1992,2GKALMEKXC6100765
Mercury,Grand Marquis,1999,1D4PT4GK9AW919730
Volvo,V40,2004,NM0AE8F74F1240919
Mercury,Monterey,2004,1GT01ZCG1CF679658
Mercedes-Benz,GL-Class,2008,WAUPEAFM1AA337852
Cadillac,Fleetwood,1996,1FTSX2B53AE338129
Mercedes-Benz,S-Class,2000,WAU2GBFC8DN948993
Mazda,Tribute,2008,2HNYD28268H039119
Ford,E250,2012,1FT7W2A63EE876127
Honda,Civic,1994,3VWF17AT0FM956610
Maybach,57,2003,ZHWGU6AU7CL343888
Lincoln,Navigator,1998,WVGAV3AX7DW316478
BMW,6 Series,2012,3C63D3LL9CG453081
Chevrolet,Venture,1999,KNAFX6A8XE5684169
Subaru,Legacy,1991,JTDBT4K38C1487347
GMC,Savana 1500,1997,1N6AD0CU9AC906846
GMC,Savana 3500,2001,1D7RV1GT1BS569354
Chrysler,300,2006,W04GT5GC6B1236663
Jaguar,XK,2007,5N1AN0NUXCC663043
Plymouth,Laser,1989,2G4WS52J741846932
Hyundai,Entourage,2009,1FTEW1CM6BK308464
Audi,A4,2005,WA1LFBFP9CA807041
Ford,Thunderbird,2004,JH4KC1F32EC902094
Nissan,240SX,1997,WBADN53492G832359
Kia,Mentor,1997,1GYS3HEF9DR854024
Ford,Laser,1988,JTDKTUD32DD038131
Pontiac,Grand Am,1991,1D4PU7GX2BW422482
Saab,9000,1989,WAUVT68E35A219856
Dodge,Dakota Club,2006,WAUFFAFL0EN046404
Acura,RL,2001,3VWF17AT4FM176769
Ford,Mustang,2004,5TDBK3EH1AS650683
Mitsubishi,Lancer,2001,JM1CW2CL0F0064559
Porsche,Boxster,2012,JTHDU1EF1D5654909
Lexus,GX,2004,WBA4C9C57FD958054
Subaru,Impreza,2001,WA1YD54B84N323053
Infiniti,M,2008,1FTNF1E88AK698577
Cadillac,DeVille,2004,WAUKFBFLXDA835766
Ford,Ranger,1984,WBANF33567B894403
Mercedes-Benz,SLS-Class,2011,WAUFFAFM9CA087336
Dodge,Ram 3500,1997,JTHDL5EF6F5097671
Dodge,Intrepid,1993,WBAPH73559A953458
Bentley,Mulsanne,2012,WAU4FBFL0AA598516
Infiniti,G,1999,WP0AA2A92FS035520
Hyundai,Excel,1994,1D7RV1CT5BS218100
Ford,Expedition,2002,1G6DV5EP6E0120143
Volvo,V50,2011,3C4PDDAG2ET554589
Mitsubishi,Truck,1986,5N1AA0NC6DN141812
BMW,7 Series,1992,1G4HC5EM7BU080102
Chevrolet,Astro,2005,1FTFW1E86AF973862
Mitsubishi,Eclipse,2011,1G6KD57Y34U737653
GMC,Sierra 3500,2009,5GAKRBKD7EJ497318
Chevrolet,Suburban,2007,4T1BF1FK2CU433690
GMC,Suburban 2500,1995,WBA3B3C56DF469514
Mazda,B-Series,2003,WAULFAFH0EN575074
Maybach,62,2009,WBAKG1C5XDJ051827
Isuzu,i-Series,2006,JM3TB2CA0D0394832
Suzuki,Swift,2004,2G4GK5EX7E9544421
Ford,E-Series,2008,1FTNS2EW4AD139984
GMC,Sierra Denali,2006,JTHSE5BCXF5305532
Toyota,RAV4,1996,4JGBF2FE9AA730762
Honda,Element,2008,1GTC5MF93C8867880
Land Rover,Discovery,1998,WP0AA2A94CS064996
Ford,Econoline E150,2002,WAU3GAFD5FN635894
Infiniti,QX56,2011,WP0AA2A89BU613702
Mercury,Mountaineer,1998,1B3CB9HA1AD787139
Ford,Bronco,1988,3D7JB1EP3BG906688
Audi,Allroad,2004,WAUKG68EX5A119308
Mercury,Capri,1993,JH4CU25629C774982
Toyota,RAV4,2005,WBASN2C57AC114278
Toyota,Sienna,2010,WAUMFAFL2CN899956
Chevrolet,HHR,2009,WBAPH7C53BA149391
Volkswagen,Golf,2001,2HNYD18242H334480
Toyota,Corolla,1997,5GADT13S042077149
Toyota,Tundra,2003,NM0KS7ANXAT321014
Buick,Riviera,1990,1C4NJPBA6FD975895
Isuzu,Impulse,1992,WDDEJ7GB9BA230268
Dodge,Caravan,2006,19UUA65605A182381
Land Rover,Range Rover Sport,2007,JA4AP3AU6CZ200300
Dodge,Caliber,2007,5TFAW5F17FX080896
GMC,Savana 2500,2001,WAUKF78E77A450925
Lotus,Esprit,1999,1HGCR2E73DA429154
BMW,X5 M,2011,SCFHDDBT2EG887932
Chevrolet,Corsica,1994,4A31K5DF3CE609906
Volkswagen,Touareg 2,2009,JHMFA3F26AS444358
Ford,Mustang,1992,19VDE1F74EE296256
Lexus,RX,2006,1FTSX2A57AE306608
Oldsmobile,Bravada,1994,3N1CE2CPXFL824413
Land Rover,Range Rover,1988,19UUA8F77DA556227
Chevrolet,Express 3500,2003,1GD22ZCG9DZ480276
BMW,6 Series,2005,WAULT58E85A273865
Lincoln,MKS,2009,5J8TB4H54DL247560
BMW,3 Series,1995,YV426MDB5F2313498
Cadillac,Escalade ESV,2006,SCFAB42382K685872
Subaru,Justy,1994,TRUTC28N061995534
Chrysler,Concorde,1997,1G6KD57Y67U334528
Audi,200,1989,WA1CMAFP9FA277013
Mazda,626,1994,WAUJT64B74N238539
Lexus,LFA,2012,WBAHN03598D830442
Toyota,Supra,1998,1J4NF1FB7AD921607
Cadillac,DeVille,1996,WUAPV54B13N588980
Ford,F250,1994,19VDE3F72DE270944
Nissan,Xterra,2002,1N6BF0KM4FN189414
Mercury,Mountaineer,2000,1FTEW1CM2BF850816
GMC,Sierra Hybrid,2006,1N6AA0CA3BN598156
Volkswagen,Jetta III,1993,1G6DZ67A280720035
Cadillac,Eldorado,2000,1G6DK5E37C0189135
BMW,3 Series,2007,WBAPK5G55BN671707
Chrysler,LeBaron,1994,WDBWK5JAXBF844988
Lexus,ES,1996,SCFBF04B78G333593
Porsche,Boxster,2008,WAUXL58E44A051999
Isuzu,i-Series,2007,1GYS4UKJ8FR721448
Cadillac,Catera,1999,JHMZF1C67FS932770
Kia,Rio,2012,JN1AZ4EH6BM479684
Acura,RL,1998,2B3CA5CT9AH451925
Dodge,Aspen,1976,WBAAV33441F165745
Ford,Econoline E350,1993,1FTNX2A55AE148122
Volkswagen,Eurovan,1999,YV1672MW0B2908725
Lamborghini,Diablo,2000,2G4GR5EC9B9341597
Mitsubishi,Lancer Evolution,2008,WAUTFAFH1DN723795
Toyota,Avalon,1996,WVGAV3AX0DW649301
BMW,600,1958,VNKKTUD3XFA961341
Dodge,Ram Wagon B150,1992,1GTN1TEHXEZ393852
Volkswagen,Rabbit,2006,KL4CJCSB2EB958802
Chevrolet,Caprice,1983,5J6TF1H30CL137212
Buick,Riviera,1986,5TFCW5F17CX898259
Dodge,Ram 1500,2009,5J6TF1H33FL133238
Buick,Reatta,1991,1G6AE5S37D0443605
Audi,S4,1992,WBAKN9C58ED887401
Scion,tC,2008,5TDBW5G14AS609822
Volkswagen,GTI,1988,JM1NC2LF4E0527815
Ford,E-Series,2001,WBAKP9C58FD258801
Acura,RSX,2006,JH4KB16528C762900
Mercedes-Benz,S-Class,1995,1N4AA5AP4CC912147
Kia,Sorento,2008,3D73M4EL2BG003885
Dodge,Grand Caravan,2010,WAULT58E53A891903
Chevrolet,Monte Carlo,2005,1G6KE54YX4U828680
Lexus,LS,2009,WA1DKBFP5CA729423
Chevrolet,Camaro,2001,WAULD54B32N392842
Subaru,Legacy,2010,WBAUP3C50BV850526
Chrysler,Town & Country,1999,3C63DRHL8CG470191
Ford,Fusion,2013,JN1CV6FE6AM945777
Mitsubishi,Eclipse,2011,WBADX7C58BE619767
Pontiac,Bonneville,1966,1G6DA8EY2B0072271
Eagle,Summit,1992,JTHCL5EF5F5742774
Infiniti,G25,2012,1GKS1HE09ER355141
Honda,S2000,2009,1G6DE8EG6A0451171
Volkswagen,CC,2013,JTHBL1EF7E5037526
Honda,Pilot,2006,WAUDG68E15A771730
Mercury,Sable,1986,3VWJX7AJ7AM485295
Bentley,Continental,2010,1N6AA0EC2FN316853
Porsche,Cayman,2010,WAUVC68E92A785239
Mercedes-Benz,E-Class,1999,WA1YD54B82N014096
Pontiac,Grand Am,1991,2G4WF521831634916
Mitsubishi,Outlander,2005,1D7RE5GK1BS630622
Nissan,Maxima,1992,WAUEF48H28K319659
Mazda,Millenia,1998,1N6AF0LY7EN066105
Subaru,Forester,1998,JN8AF5MV2FT089460
Pontiac,Grand Prix,1985,WAUDH98E96A657605
Audi,A8,2011,3GYFK12259G663835
GMC,Yukon,2009,1FTEW1C83AF596387
Volkswagen,Type 2,1989,WAUHGAFC7CN422874
Suzuki,Samurai,1993,1C6RD6PT5CS737628
Saab,900,1989,SALSF2D43BA408935
GMC,Sierra 2500,2004,SALFR2BG5FH266719
Mitsubishi,Tredia,1986,1GT010CG9CF953927
Cadillac,Escalade,2003,WAULC58E92A114140
Pontiac,Monterey,2005,WAUDFAFL8DA042727
Honda,Civic,2005,1GYFC26299R301732
Ford,Tempo,1992,3D73Y3CL1BG598293
GMC,Envoy XL,2003,KMHHT6KD6AU793811
Ford,F150,1998,WBAVM5C59DV195598
Chevrolet,S10,1999,1G6DS5E3XD0373406
Dodge,Grand Caravan,1992,WAUXG74F69N449858
Cadillac,Eldorado,1994,WAUDGAFL0DA261176
BMW,7 Series,2000,3GYEK62897G995738
Mercury,Mystique,1996,WAUDF78E28A449322
Pontiac,Grand Prix,1990,WAUDFAFC3FN755854
Mercury,Grand Marquis,1985,5N1CR2MM1EC151605
Chevrolet,Express 3500,2008,JHMFA3F27AS101624
Ford,Ranger,1989,WVGFF9BP5BD552866
Nissan,Stanza,1992,WVGAV3AX2DW906006
Mitsubishi,Lancer,2002,JHMZE2H55ES212049
Dodge,Avenger,2009,JTEBU4BFXCK033064
Mercedes-Benz,M-Class,2006,WAUKFAFL2EN924252
Audi,5000S,1987,WBAYM1C59ED644503
Pontiac,Firebird,1986,5FPYK1F23BB077209
Suzuki,XL-7,2007,WVWAW7AH6BV729741
Chevrolet,TrailBlazer,2003,WAUBF98E48A400576
Volkswagen,New Beetle,1998,1N4CL2AP4AC784734
Mazda,Millenia,1996,WAUEFAFL5FA916409
Volkswagen,Passat,2010,WA1DGBFE6CD715836
Buick,LeSabre,1990,WAUMGBFL7CA002107
Chevrolet,Corvette,1994,WBA3D5C55FK708891
Honda,S2000,2004,WAUBF78E57A102475
BMW,7 Series,1997,1C4RDJAG4CC457846
Mitsubishi,Pajero,2004,WBANW53548C999237
Jaguar,XK Series,2013,KNAFX6A87F5112199
Hyundai,Accent,1998,1GYS4JEF1DR579883
Ford,Fusion,2012,W04GW5EV4B1155740
Mercury,Mystique,1995,SCBZK25E42C509935
Mazda,626,1989,1HGCP2F3XAA010330
Dodge,Spirit,1993,1C3CDFAA4FD682575
Chevrolet,Silverado Hybrid,2006,WAURV78T79A100374
GMC,Sonoma Club Coupe,1998,WAUDT48H55K621902
Lamborghini,Gallardo,2004,1GYS3FEJ2CR869861
Maserati,228,1989,WBAGL634X4D867165
Mazda,B-Series,1994,1FTMF1EW6AF082461
Jaguar,X-Type,2004,5UXFE43538L150428
BMW,6 Series,2010,1FMCU0C78AK878266
Volkswagen,Jetta,1992,WAUSH98E57A193513
GMC,Sonoma,2001,3D4PG5FV6AT748849
GMC,Sierra 2500,2006,1G6DP5EV9A0979892
Toyota,Camry,2003,1FTWX3B58AE134594
Oldsmobile,Cutlass,1997,WAUEH94F17N045735
Mercury,Grand Marquis,1992,WBABD33476J364378
Ford,Mustang,2000,KM8NU4CC6CU461851
Mercury,Tracer,1991,WDDUG7JB0EA137064
Isuzu,Hombre Space,2000,WA1DGAFE1DD241340
Isuzu,Trooper,1995,2T3BF4DV6CW386413
Jeep,Grand Cherokee,2003,WAUHF98P66A671082
Maybach,62,2011,WDDUG7JB5EA506646
Pontiac,Torrent,2008,5UXZV4C58BL266664
Subaru,SVX,1995,WBAFU7C57BD152574
Aptera,Typ-1,2009,WBAVL1C57EV888134
Pontiac,Aztek,2001,1G6DM57T770698543
Infiniti,J,1995,WAUFFAFL8DA398488
Ford,EXP,1988,SAJWA6E74E8370913
Toyota,Tacoma,2001,3GYFNKE60BS142973
Acura,Integra,2000,1GKS1EEF2BR799122
Lexus,ES,1990,1GYS4JEF0CR532763
Volkswagen,Jetta,1994,1G4HR57Y78U803132
Cadillac,Escalade,2007,WAUNF78P28A344835
Nissan,Armada,2006,WA1UFAFL1FA614043
Isuzu,Rodeo,1999,3N1AB7AP2FY272540
Toyota,RAV4,2005,1G4GE5G32CF039294
Honda,Accord,2006,3LN6L2G95DR528054
Volvo,S80,2012,JTDKTUD38ED795973
BMW,760,2005,1C3CDFBA4DD880617
Ford,Thunderbird,2004,1N6AA0EKXFN340258
Kia,Rio,2008,WBAAZ33453P203999
Volkswagen,rio,1995,WAUVC68E54A058778
Porsche,Carrera GT,2005,WAUFGBFB2AN499802
Lincoln,Town Car,1990,3GYFNDE36DS563598
Jaguar,XK Series,1999,WAUKH68D21A647200
Chrysler,Grand Voyager,2000,1N4AB7AP3EN714689
Mercury,Mountaineer,2001,WAUFMAFC1FN622444
Volkswagen,Jetta,2003,1G6DP1E39C0924465
Volkswagen,Vanagon,1984,JM3TB2BA3F0072383
Chevrolet,Avalanche,2010,1GD312CG3BF657045
Volvo,V70,2000,WAUMF98K39N218487
GMC,Yukon Denali,2000,1N6AF0LY5FN824864
Chevrolet,Silverado 3500,2007,3GTXCYEJ0AG999027
Dodge,Durango,2000,WBANE735X6C435653
Mazda,MX-5,1990,WUARL48H47K537245
Infiniti,G,1993,1GYS4TKJ0FR054076
Daewoo,Lanos,2000,WAUDH98EX7A533313
Toyota,Corolla,1995,JN8AF5MR3DT501174
Suzuki,Swift,1993,JN1BJ0HP1FM611604
Lexus,IS F,2011,1G6DM57T670145351
Dodge,Stratus,1999,1G4PT5SV1F4628593
Ford,Focus,2008,1FTEW1CM8EF016358
Ford,E150,2010,WAUAH94F58N343642
Lincoln,Town Car,1997,4T1BF3EK8BU115696
Mazda,Mazda3,2008,SCBLC43F55C783269
Mercedes-Benz,300CE,1993,1C3CDZBG1DN264034
Saturn,VUE,2006,WA1EY74L49D167456
Toyota,FJ Cruiser,2011,19UYA42781A099083
Ford,Thunderbird,1987,WBA4A9C57FD032680
Ford,Taurus X,2008,WA1VMBFE6BD203960
Ford,Explorer Sport Trac,2006,5J8TB4H57EL859298
Chevrolet,Suburban 2500,2012,3C4PDDBG8CT611759
Ford,Thunderbird,1985,3C63DRJL4CG709715
Oldsmobile,Cutlass,1997,1G6KD57947U572886
Volkswagen,Passat,1995,3GYFNCEY7AS772978
GMC,Vandura G3500,1995,1C3CCBAB5DN049174
Porsche,911,1993,JH4DC53014S307381
Honda,CR-V,2003,TRUWX28N211935331
Mazda,626,1997,NM0KS9BN8BT537245
Nissan,Maxima,1992,1C3CDZAB5CN605259
Nissan,Titan,2012,3MZBM1K70FM712055
Saturn,Relay,2006,JM1GJ1T6XF1388598
Hummer,H2,2009,WBALZ3C51CC711489
Mercury,Topaz,1991,3VW1K7AJ1FM594079
Audi,TT,2003,WBAYA8C57DD092581
Mercury,Sable,1991,3C4PDCGB1FT155356
Mitsubishi,Galant,2006,2C3CDXDT0DH977143
Audi,A8,2011,SALFR2BN1BH660341
Dodge,Stratus,1996,JM1NC2JF7C0022965
Chevrolet,Cobalt,2008,1FTMF1C84AK010153
Dodge,Ram Van B250,1994,JTEBU4BF5CK346958
Audi,S4,1994,3GYFNEE39FS627349
Suzuki,Esteem,2001,3D4PG4FB7AT233813
Suzuki,Swift,1987,WAUED64B51N264518
Dodge,Ram Van 3500,2003,WA1MKBFP2AA130041
Dodge,Caliber,2008,2FMGK5BC8BB270956
Lotus,Elise,2004,WBA3C1G53DN766404
Isuzu,i-290,2007,1G6DA5E52C0752502
Chrysler,Concorde,1997,WBAET37445N844752
Maserati,430,1990,WUAAU34289N168025
Audi,A8,2007,4T1BF1FKXFU394125
GMC,Savana 1500,2008,1GYS4NKJ0FR049472
Maserati,GranTurismo,2008,1FTFW1E84AF680316
Lamborghini,Diablo,2000,2D4RN5DG5BR214801
Kia,Sephia,2000,WAUVT64B24N902439
Plymouth,Grand Voyager,1993,TRUTX28NX21154710
Kia,Soul,2012,3D7TT2HT2AG574827
Nissan,GT-R,2012,5J6TF3H52FL136919
Ford,Escape,2006,3GYFK66N04G010758
Geo,Metro,1993,WAUMF68P66A464107
Suzuki,XL-7,2004,3VW1K7AJ2DM202093
Pontiac,Bonneville,2000,1FTEW1C81AK609709
Honda,S2000,2001,JA4AS2AW5DU802761
Toyota,Tacoma,2005,WAUAF78E48A868209
Buick,Riviera,1988,5GADV23L66D704971
Cadillac,STS-V,2006,2C3CA5CG8BH061583
Maserati,Quattroporte,1985,WP0AB2A96BS363546
Audi,TT,2001,2C3CCAGG2CH569983
Chevrolet,Corvette,1989,WAUWGAFB8BN721576
Hyundai,XG300,2001,5NPDH4AEXEH655062
Hummer,H1,1995,WAUEH98E47A992549
Hummer,H1,1996,3C6TD5JT7CG843014
Toyota,Land Cruiser,2008,1FTFW1E80AF257491
Chevrolet,Avalanche 1500,2002,3D7LT2ET5AG127249
Mazda,Mazda6 5-Door,2006,WA1VMAFE8AD064102
Audi,A8,2012,WBA1J9C5XFV265109
Cadillac,Escalade ESV,2004,JM1GJ1T61F1732271
Nissan,Rogue,2011,KNALW4D46F6049805
Nissan,240SX,1994,WAUBF98E08A131959
Scion,xD,2009,JTDZN3EU8D3505942
Chrysler,300,2012,5TDBW5G18DS745200
GMC,Envoy,1998,SCBGT3ZA3FC186047
Jaguar,XJ,2007,JTEBU4BF6AK281096
Buick,LaCrosse,2010,1G4HP54K42U710999
Jeep,Commander,2010,19XFB2F54DE451321
Oldsmobile,Bravada,1998,JN1CV6EK2DM315329
Mazda,Tribute,2002,5GAEV13738J840318
Chevrolet,Equinox,2012,JM1NC2EF0A0009272
GMC,Suburban 1500,1997,WAUMR44E07N931449
Ram,1500,2011,SALCT2BG1FH516459
Ford,Thunderbird,1965,WAUGGBFC8CN262473
Volkswagen,Rabbit,2010,WVGAV7AX4BW894753
Volvo,S40,2005,WAUFGBFB2AN355604
BMW,X6 M,2011,2C3CCAFJ1DH691801
Mitsubishi,Raider,2008,JTHFF2C26E2373880
Audi,80,1989,KMHTC6AD2DU858010
Acura,Integra,1996,3GYFK66N24G917172
Kia,Sportage,1999,1G6DJ8EY7B0641776
Volkswagen,Passat,2001,2HNYD184X2H932669
Chevrolet,Express 3500,2005,1G4HR54K844675901
Dodge,Magnum,2007,JH4CU2F68DC203939
Ford,F-Series,1995,1VWAP7A33EC079958
Infiniti,Q,1999,3D7TT2CT6AG703031
Lamborghini,Diablo,1998,YV1672MC0BJ279480
Buick,Coachbuilder,1993,JTHBP5C25B5091415
Chevrolet,Malibu,1999,1G6AH5RX9D0554317
Toyota,Previa,1992,5TDDK3DCXBS781269
Volkswagen,Golf,2011,WBS3U9C51FJ548369
Dodge,Ram Van B350,1992,5J6TF1H37BL595280
Mitsubishi,Montero,2000,5GAKVAED1BJ451819
Pontiac,Trans Sport,1999,JH4CU2F62BC248713
GMC,Safari,1994,WA1YD54B54N604372
Chevrolet,Equinox,2005,WAUJFAFH8EN254746
Mercedes-Benz,G-Class,2002,5N1AA0NDXFN803886
BMW,X5,2011,JN1CV6AP2DM965702
Nissan,Altima,1995,1G6DH8EG7A0402584
Ford,Freestar,2003,WAUGGBFCXDN727174
Lincoln,MKX,2012,WAUHGAFC4FN764013
GMC,Savana 2500,1997,JTDZN3EU6D3049536
Volkswagen,rio,2002,WBAEN33463E857385
Acura,Integra,1988,NM0KS7AN8AT485040
Chevrolet,Tahoe,2010,5N1AA0NC5AN381011
Kia,Sportage,2007,WBAEW53463P032654
Dodge,Ram 2500,2008,1GYS3FEJ8DR817362
Ford,Tempo,1987,2FMDK3GC1AB574015
Chevrolet,Astro,1996,1FTWX3B59AE965697
Mitsubishi,Montero,1993,WDBWK5EA2BF187792
Ford,Laser,1987,WAULT68EX2A656594
Rolls-Royce,Phantom,2007,WBAGN83554D132964
Bentley,Continental GTC,2011,WDDGF5EB0BA902235
Lincoln,MKX,2013,JTHBK1GG8E2360235
Mitsubishi,Galant,2001,YV126MFB3F2460610
Chrysler,New Yorker,1996,WA1LFAFP5EA553485
GMC,Savana 1500,2006,1G6DG1E3XE0559832
Dodge,Dakota,1999,WBA3C1C55DK749465
GMC,3500,1995,1D4PT5GK4BW435701
GMC,Sierra 2500,2003,WAU3VAFR5BA280325
Buick,Regal,2000,JH4CU2E67BC018389
Buick,Reatta,1989,1G4GA5GR3DF812789
Ford,Fusion,2010,1G6KE54Y75U796370
Cadillac,Seville,1994,SAJWA1CZ4E8611344
Ford,Escort,1995,1VWAS7A31FC290737
Ford,F-Series Super Duty,2009,WAUBF78K39N625690
Porsche,Boxster,2004,1FMCU9E72AK129612
Volkswagen,Passat,1993,WAUUL78E78A745669
Rolls-Royce,Phantom,2006,WBA4B1C56FG726483
Oldsmobile,88,1999,WBAKX6C54BC515807
Mazda,626,1993,2G4GU5GV3C9125114
Lamborghini,Gallardo,2012,WAUEH78E46A603475
Maserati,Spyder,2002,JH4DC53803C741774
Oldsmobile,Aurora,1997,WBAPH5C52BF397882
Pontiac,6000,1984,1GYS3HEF1CR012258
Mercedes-Benz,400E,1992,WAUXU64B72N306309
Chevrolet,Silverado,2002,WAUDH74F38N002662
Buick,Riviera,1988,1N6BF0KL2FN325305
Chevrolet,Camaro,1994,WAULFAFRXAA673703
Lexus,GS,2011,2HKRM3H33DH056308
Toyota,Corolla,1995,SCBBB7ZH4FC038071
Ford,Club Wagon,1992,JM3TB2BAXB0644012
Honda,CR-V,2010,1LNHL9DR2BG212122
Lexus,LS,2006,WBAYP9C54ED219499
Ford,F350,2004,WBAWV1C57AP946143
Saturn,Aura,2007,WBANW135X8C069609
Dodge,Stratus,1997,1LNHL9EK9FG093167
Isuzu,i-Series,2008,WDBSK7AA5CF422655
Dodge,Ram 1500,2000,1N6AA0CC9CN277578
Volkswagen,Eos,2007,1GD12ZCG0BF361221
Kia,Sedona,2006,1G6AH5R31D0055203
Toyota,4Runner,1996,3D73M3CL9AG091927
Kia,Spectra,2005,JTDKN3DU6A0847700
Cadillac,STS,2010,WAUKFBFLXEA924979
GMC,2500,1998,5TDBK3EH7DS543402
Infiniti,G,2001,JH4DC43671S258018
Chrysler,300M,2001,2C3CDYCJXDH007189
Honda,CR-V,2002,WA1UFAFLXDA484373
Honda,Accord,2004,JM1NC2MF3D0433504
Ford,Crown Victoria,1994,1FTSW2A58AE157158
Nissan,Armada,2009,KMHHT6KD5DU180714
Nissan,Maxima,1996,WA1CYAFEXAD255564
Mitsubishi,Pajero,1998,KNALN4D71F5778605
Kia,Optima,2012,WAUFFAFL0EN669683
Pontiac,Trans Sport,1992,KMHDB8AE2BU800214
Toyota,Camry Solara,2007,1N6BF0KX5FN146405
Porsche,928,1987,5UXZV4C51D0072871
Mazda,Mazda6,2007,JA32U2FU8FU845679
Pontiac,G5,2008,YV126MFB3F1909435
Hummer,H1,2006,WAUDFAFLXBN387425
GMC,Envoy XL,2006,2C3CDXFG8FH257527
Chrysler,PT Cruiser,2004,JH4KA96622C822563
Suzuki,Forenza,2006,SCBBP9ZA4BC462974
Dodge,Ram 2500,2010,4T1BD1EB7FU079323
GMC,Savana,2012,4A31K2DF2CE058074
Lotus,Esprit,1986,WBA4A9C53FD905292
Mercedes-Benz,GL-Class,2009,WAUUL98E36A509268
Volvo,XC70,2003,WAUBT48H35K831048
Mercedes-Benz,M-Class,2012,1G6KD57947U165649
Ferrari,430 Scuderia,2009,19UUA9E59EA407373
Isuzu,Rodeo,1997,1G4GA5GR6CF754658
Nissan,Murano,2009,5N1AA0NE2FN225761
Peugeot,207,2006,WBADT33491G304409
Geo,Prizm,1995,JTEBU5JR3B5811722
Mitsubishi,Truck,1992,1N6AF0LY9FN942271
Volkswagen,Golf,1983,JTEBU5JR4A5445882
Buick,Enclave,2012,5UXFA13554L432011
Dodge,Ram 2500,2001,SALME1D42AA446192
Dodge,Ram 2500,1999,1N4AL3AP2EC087064
Toyota,Yaris,2008,JN1CV6EK8EM651598
Chrysler,Concorde,1995,5LMJJ2JT3FE271032
Acura,RL,2007,3C4PDCGB5FT793903
Infiniti,QX56,2008,WBASP4C54BC818610
Toyota,Sienna,2001,WP0AB2A81FK078556
Volvo,S80,2000,WBAKF3C52DJ575536
Bentley,Arnage,2009,19UUA86279A990000
Pontiac,Firebird,1992,1G6AB5SX6D0063487
Kia,Forte,2011,2G4WS55J351209131
Lexus,LS,1995,WBALW3C52EC717247
Volkswagen,Passat,2006,3D7TT2HT2BG041913
Dodge,Viper,2001,WA1LGBFE9BD466801
Toyota,Camry,2009,1C3BCBGG3CN969737
Nissan,Altima,2012,WBA3D3C52EF817496
Hyundai,Veracruz,2007,JTJHY7AX2B4071418
Ford,Explorer Sport Trac,2007,YV1672MK0C2493825
BMW,X5 M,2011,1G6AL5S35E0583904
Chrysler,Town & Country,2003,WBAWV1C56AP187503
Suzuki,Forenza,2004,1FMEU5DE7AU908719
Plymouth,Acclaim,1994,3VW1K7AJ5EM878894
Oldsmobile,Ciera,1995,2G4GX5GV9B9099687
Mercury,Marquis,1986,WDDEJ7KB5CA852357
Toyota,Camry,2008,2G4WC582171509240
Hyundai,Scoupe,1993,3N1AB6AP0BL330498
BMW,X5,2003,1G6DJ577790428100
Chevrolet,Tracker,1998,1FMJK1G53CE451381
Toyota,4Runner,2009,5UMBT93538L206589
Dodge,Challenger,2011,ML32A3HJ3EH609146
Ford,Expedition,2004,1C4RJEAG0DC802730
Toyota,Camry,1994,3D73M3CL4BG751101
Ford,Thunderbird,1991,JN8AZ2KR7CT186225
Lotus,Esprit,2004,WBAFR9C54CD617469
Infiniti,G,2011,1C4SDJCTXDC727188
Infiniti,Q,1997,3GYEK62N44G752405
Nissan,Xterra,2001,2T1BU4EE4DC730854
Suzuki,Swift,1999,WVGEG9BP1CD557539
Ford,F350,1993,1G6AF5SX6D0247624
Chevrolet,Silverado 1500,2007,KNAFU5A28B5670099
Volkswagen,Touareg,2011,1D7RW5GK3BS245589
GMC,Sonoma,1993,WAUHF98PX9A512876
Pontiac,Vibe,2010,2C3CDXJG6CH493421
Land Rover,LR2,2010,WBANN73537B853771
Ford,Escape,2012,1FTEX1CM3BK892898
Ford,Expedition,1999,JH4CU2E64BC560338
BMW,530,2003,5N1AT2ML5EC318676
Oldsmobile,Cutlass Supreme,1993,1G6AB5RA3F0949206
Cadillac,Escalade,2006,1FMCU0C77AK160384
Buick,Century,1985,WA1BV74LX7D395308
Aston Martin,V8 Vantage,2009,1D7RW3GK4AS791918
Hummer,H1,1997,WAUKF78E57A319427
Saab,9-5,2009,SCBET9ZA2F8931139
Nissan,Altima,1996,4T1BB3EK5AU632741
Mercedes-Benz,R-Class,2008,SCFFDAAE9CG772718
Toyota,Tacoma Xtra,2004,WP0CB2A89FS365460
Mazda,626,1991,SCFFDCBD1BG316485
Chrysler,Town & Country,2011,WBA3V5C53EP768554
Ford,Explorer Sport Trac,2006,SAJWA1CB4BL281538
Saab,9000,1993,WAUML44D33N373034
Oldsmobile,Silhouette,2004,1G6KE54Y62U221009
Chevrolet,Metro,2000,WAUAF48H09K446636
Hyundai,Equus,2011,5FRYD4H81EB696674
Cadillac,SRX,2007,2G4WF521831177475
Mercury,Sable,2004,WBAUN1C58CV975513
Chevrolet,Silverado 1500,2004,1N6AA0EJ6FN395989
Lexus,GS,2004,WBAUN1C56AV893731
Audi,A8,2011,KNADM5A38D6684453
Audi,A5,2009,1GT01ZCG9CF632376
Chevrolet,Camaro,1995,WBA3N9C53EK410326
Volkswagen,R32,2009,WAUAFAFH1DN144409
Ford,Explorer Sport Trac,2005,SAJWA4DC3EM041579
Chevrolet,Corvette,1962,JH4CL96995C913956
Pontiac,G6,2008,1D7RW5GK6BS255680
Chevrolet,1500,1998,1G6AE5SXXF0252377
Buick,Park Avenue,2002,1G6DV1EP2D0498550
Hyundai,Accent,2012,1FMCU4K35CK624233
GMC,Yukon XL 2500,2003,WAUUL78E88A778809
BMW,Z3,2001,5NMSG3AB5AH365717
Ford,Probe,1996,1FMJK1JT7FE493662
Lotus,Exige,2007,WAUPEBFM6DA804256
BMW,7 Series,2012,JTDKDTB3XE1171555
Plymouth,Prowler,1999,JTHFF2C20F2948556
Ford,Econoline E150,1993,WBAYA6C55ED229071
Chevrolet,Silverado 2500,2004,1D7RW7GP7AS410209
GMC,2500,1998,3C4PDCGB3ET048968
Rolls-Royce,Phantom,2013,WAUMGBFL2BA655703
Acura,MDX,2009,WAUDV94F97N447507
Toyota,Tacoma,2004,WA1YD64B73N184358
BMW,X3,2008,1FTSW2A58AE294875
Volkswagen,CC,2012,WBA3A5C58CF798132
Ford,Tempo,1988,WBA3B1C5XEK441616
Mitsubishi,Montero,2000,3VW507AT1FM670103
Chevrolet,Cruze,2012,1FTSW2B53AE083095
Chevrolet,Impala,2012,JH4CU2F44CC986013
Lincoln,Navigator,2002,JTHBF1D22F5332153
Dodge,Viper,2004,WA1VYAFE8AD193641
Land Rover,Freelander,2002,2B3CA3CV1AH488313
Kia,Rio,2003,JN8AF5MRXFT255467
Pontiac,Firefly,1989,1FTEW1C8XAF244648
Nissan,Titan,2011,WA1LGBFE3DD471141
GMC,Suburban 1500,1995,WBAYM1C52FD184683
Smart,Fortwo,2009,WBAYF4C52FG249316
Chevrolet,2500,1995,SCFFDAAE9AG087468
Chevrolet,Monte Carlo,1999,5UXFG83578L425722
Hyundai,Sonata,2011,JM1NC2SF6F0362661
Oldsmobile,Cutlass Supreme,1997,4F2CY0C7XAK729966
Buick,LaCrosse,2005,1GD01ZCG3CF214956
Suzuki,XL-7,2008,KMHHT6KD2CU194519
Mazda,Tribute,2008,WBAKG7C58DJ697600
Ford,Thunderbird,1983,WAUDFAFC0DN219456
Ford,Ranger,2000,WBANU5C55AB482885
Ford,Escape,2005,2CTALMEC3B6508774
BMW,325,2006,2G4WD582881800204
Land Rover,Freelander,2010,2G4WB55K241345953
Mitsubishi,Galant,2006,1G6AD5S39E0718797
Isuzu,Hombre,1997,1FTEX1EW1AK014481
Volvo,V70,2004,WAULC58E12A525869
BMW,600,1957,JTHBE5C24A5558988
Ford,E-Series,2009,19XFA1E65BE739921
Land Rover,LR4,2010,WAUAFAFL6CA463802
Toyota,Land Cruiser,2013,WAUEF98E58A455678
Lexus,LX,2011,2G61M5S37F9207550
Ford,E350,2006,1D7RB1CP7BS779040
Nissan,Sentra,1997,WBA1F5C56EV818329
Mitsubishi,Raider,2009,2T2BK1BA0FC407521
Ford,Escort,2001,JM3TB2BA1D0380939
Nissan,240SX,1994,1GKS1FFJ4BR701085
Hyundai,Veracruz,2011,1D7CE2GK9AS698041
Chevrolet,Silverado 3500,2007,1LNHL9EK3FG002037
Audi,A3,2012,1N6AA0CC3DN847091
Suzuki,X-90,1996,1C3CDZAB1EN669589
Volkswagen,Cabriolet,1996,JTEBU4BF5EK459473
Lexus,ES,1993,WA1VFBFL0EA127876
Saab,900,1993,3GYFNAEY3BS352009
Chevrolet,S10,1998,1FTWF3A54AE534740
Dodge,Ram 1500,2008,1N6AA0CC8CN234074
Mitsubishi,Diamante,1994,1FTEX1CM5BK860650
Ford,Mustang,1979,WAUAF68E35A134120
Mazda,Navajo,1991,WAUBNAFB2BN471885
Toyota,Sienna,2003,1FMJU1J57AE527989
Ford,Mustang,1970,WAUJT68E73A431929
Mazda,Mazda5,2008,WAUAFAFH6EN621286
Chevrolet,Caprice,1983,KMHCT4AE0CU950535
Mercury,Topaz,1989,WAUEV74F98N973954
Chrysler,New Yorker,1995,3VWAL7AJ6AM941041
Toyota,Corolla,2003,1GTPCTEX8AZ762728
Mitsubishi,RVR,1992,1G6KD57Y48U516276
Chevrolet,Express 2500,2009,WAUMK78K39A954322
Ford,Club Wagon,1996,4A31K3DT6AE667676
Ford,Bronco,1989,2HNYD28528H099277
Ford,Probe,1990,WBAUP73558V238791
Oldsmobile,Ciera,1996,WBAGN63505D562701
Toyota,Tundra,2010,JN1AZ4EH0CM734704
Mazda,B-Series,2003,JTHBL5EF6D5647682
Chrysler,Aspen,2008,1FTWF3B5XAE913756
Volkswagen,Touareg,2005,1YVHZ8BH7C5459201
Mazda,Tribute,2002,JM3ER2A51B0118487
Jeep,Wrangler,2010,4JGBB2FB0AA890739
Toyota,Tundra,2001,SALFR2BG2FH683795
Foose,Hemisfear,2007,1C4RDHEG8CC556298
Mercedes-Benz,W201,1990,WBANV1C54AC044908
Porsche,Boxster,2007,WBAEW53473P184720
Toyota,Land Cruiser,1993,JN1CV6EK5AM482442
Hyundai,Accent,2005,2C3CDYBT4CH634925
Audi,TT,2005,WAUDFAFL6CN047397
Buick,Verano,2012,5FPYK1F49CB002839
Mitsubishi,Challenger,2001,1N6AF0LX2FN451600
Audi,Allroad,2005,WUADUAFG8CN386984
Chevrolet,Camaro,1977,1G6AC5SX2E0614741
Studebaker,Avanti,1962,JTDKDTB30C1412911
